,name,link
0,Precious Achiuwa,/basketball/player/183287/precious-achiuwa
1,Jaylen Adams,/basketball/player/75975/jaylen-adams
2,Steven Adams,/basketball/player/55589/steven-adams
3,Bam Adebayo,/basketball/player/72874/bam-adebayo
4,Lamarcus Aldridge,/basketball/player/33816/lamarcus-aldridge
5,Ty-Shon Alexander,/basketball/player/76333/ty-shon-alexander
6,Nickeil Alexander-Walker,/basketball/player/73186/nickeil-alexander-walker
7,Jarrett Allen,/basketball/player/69729/jarrett-allen
8,Grayson Allen,/basketball/player/11602/grayson-allen
9,Al-Farouq Aminu,/basketball/player/49287/al-farouq-aminu
10,Kyle Anderson,/basketball/player/56620/kyle-anderson
11,Kostas Antetokounmpo,/basketball/player/194888/kostas-antetokounmpo
12,Giannis Antetokounmpo,/basketball/player/61695/giannis-antetokounmpo
13,Thanasis Antetokounmpo,/basketball/player/16851/thanasis-antetokounmpo
14,Cole Anthony,/basketball/player/183281/cole-anthony
15,Carmelo Anthony,/basketball/player/18032/carmelo-anthony
16,Ogugua Anunoby,/basketball/player/69324/ogugua-anunoby
17,Ryan Arcidiacono,/basketball/player/61337/ryan-arcidiacono
18,D.J. Augustin,/basketball/player/47547/d-j-augustin
19,Deni Avdija,/basketball/player/74971/deni-avdija
20,Deandre Ayton,/basketball/player/69737/deandre-ayton
21,Udoka Azubuike,/basketball/player/69738/udoka-azubuike
22,Dwayne Bacon,/basketball/player/72824/dwayne-bacon
23,Marvin Bagley,/basketball/player/75929/marvin-bagley
24,Lamelo Ball,/basketball/player/75903/lamelo-ball
25,Lonzo Ball,/basketball/player/72914/lonzo-ball
26,Mohamed Bamba,/basketball/player/73179/mohamed-bamba
27,Desmond Bane,/basketball/player/76320/desmond-bane
28,Harrison Barnes,/basketball/player/39016/harrison-barnes
29,R.J. Barrett,/basketball/player/70065/r-j-barrett
30,Will Barton,/basketball/player/39074/will-barton
31,Keita Bates-Diop,/basketball/player/65247/keita-bates-diop
32,Nicolas Batum,/basketball/player/20531/nicolas-batum
33,Aron Baynes,/basketball/player/37144/aron-baynes
34,Kent Bazemore,/basketball/player/48985/kent-bazemore
35,Darius Bazley,/basketball/player/174022/darius-bazley
36,Bradley Beal,/basketball/player/40999/bradley-beal
37,Malik Beasley,/basketball/player/72017/malik-beasley
38,Jordan Bell,/basketball/player/16624/jordan-bell
39,Deandre Bembry,/basketball/player/62580/deandre-bembry
40,Davis Bertans,/basketball/player/52252/davis-bertans
41,Patrick Beverley,/basketball/player/47856/patrick-beverley
42,Tyler Bey,/basketball/player/191320/tyler-bey
43,Saddiq Bey,/basketball/player/178626/saddiq-bey
44,Khem Birch,/basketball/player/61058/khem-birch
45,Goga Bitadze,/basketball/player/68380/goga-bitadze
46,Bismack Biyombo,/basketball/player/45843/bismack-biyombo
47,Nemanja Bjelica,/basketball/player/47783/nemanja-bjelica
48,Eric Bledsoe,/basketball/player/49203/eric-bledsoe
49,Keljin Blevins,/basketball/player/181709/keljin-blevins
50,Bogdan Bogdanovic,/basketball/player/51327/bogdan-bogdanovic
51,Bojan Bogdanovic,/basketball/player/22432/bojan-bogdanovic
52,Bol Bol,/basketball/player/174023/bol-bol
53,Marques Bolden,/basketball/player/69730/marques-bolden
54,Jordan Bone,/basketball/player/76102/jordan-bone
55,Isaac Bonga,/basketball/player/65473/isaac-bonga
56,Devin Booker,/basketball/player/14716/devin-booker
57,Chris Boucher,/basketball/player/69522/chris-boucher
58,Brian Bowen,/basketball/player/176698/brian-bowen
59,Avery Bradley,/basketball/player/49303/avery-bradley
60,Tony Bradley,/basketball/player/72889/tony-bradley
61,Jarrell Brantley,/basketball/player/76283/jarrell-brantley
62,Ignas Brazdeikis,/basketball/player/70070/ignas-brazdeikis
63,Miles Bridges,/basketball/player/72998/miles-bridges
64,Mikal Bridges,/basketball/player/69387/mikal-bridges
65,Malcolm Brogdon,/basketball/player/16819/malcolm-brogdon
66,Dillon Brooks,/basketball/player/11603/dillon-brooks
67,Jaylen Brown,/basketball/player/65896/jaylen-brown
68,Bruce Brown,/basketball/player/73001/bruce-brown
69,Sterling Brown,/basketball/player/65237/sterling-brown
70,Moses Brown,/basketball/player/181674/moses-brown
71,Troy Brown,/basketball/player/70114/troy-brown
72,Jalen Brunson,/basketball/player/65897/jalen-brunson
73,Thomas Bryant,/basketball/player/69323/thomas-bryant
74,Reggie Bullock,/basketball/player/41000/reggie-bullock
75,Trey Burke,/basketball/player/56490/trey-burke
76,Alec Burks,/basketball/player/55322/alec-burks
77,Jimmy Butler,/basketball/player/49244/jimmy-butler
78,Bruno Caboclo,/basketball/player/65115/bruno-caboclo
79,Devontae Cacok,/basketball/player/69218/devontae-cacok
80,Kentavious Caldwell-Pope,/basketball/player/61694/kentavious-caldwell-pope
81,Facundo Campazzo,/basketball/player/47482/facundo-campazzo
82,Vlatko Cancar,/basketball/player/64091/vlatko-cancar
83,Clint Capela,/basketball/player/51278/clint-capela
84,Vernon Carey,/basketball/player/175041/vernon-carey
85,Wendell Carter,/basketball/player/70121/wendell-carter
86,Jevon Carter,/basketball/player/11611/jevon-carter
87,Michael Carter-Williams,/basketball/player/61047/michael-carter-williams
88,Alex Caruso,/basketball/player/66100/alex-caruso
89,Willie Cauley-Stein,/basketball/player/11716/willie-cauley-stein
90,Chris Chiozza,/basketball/player/66132/chris-chiozza
91,Marquese Chriss,/basketball/player/72012/marquese-chriss
92,Gary Clark,/basketball/player/65275/gary-clark
93,Brandon Clarke,/basketball/player/178366/brandon-clarke
94,Jordan Clarkson,/basketball/player/65109/jordan-clarkson
95,Chris Clemons,/basketball/player/181640/chris-clemons
96,Amir Coffey,/basketball/player/72711/amir-coffey
97,John Collins,/basketball/player/72664/john-collins
98,Zach Collins,/basketball/player/72704/zach-collins
99,Mike Conley,/basketball/player/46468/mike-conley
100,Pat Connaughton,/basketball/player/56508/pat-connaughton
101,Quinn Cook,/basketball/player/41003/quinn-cook
102,Demarcus Cousins,/basketball/player/49204/demarcus-cousins
103,Robert Covington,/basketball/player/62105/robert-covington
104,Torrey Craig,/basketball/player/65679/torrey-craig
105,Jae Crowder,/basketball/player/38995/jae-crowder
106,Jarrett Culver,/basketball/player/76122/jarrett-culver
107,Stephen Curry,/basketball/player/47716/stephen-curry
108,Seth Curry,/basketball/player/49588/seth-curry
109,Anthony Davis,/basketball/player/41001/anthony-davis
110,Ed Davis,/basketball/player/51439/ed-davis
111,Terence Davis,/basketball/player/178719/terence-davis
112,Matthew Dellavedova,/basketball/player/49126/matthew-dellavedova
113,Demar Derozan,/basketball/player/47727/demar-derozan
114,Mamadi Diakite,/basketball/player/72775/mamadi-diakite
115,Hamidou Diallo,/basketball/player/74039/hamidou-diallo
116,Gorgui Dieng,/basketball/player/36370/gorgui-dieng
117,Spencer Dinwiddie,/basketball/player/56205/spencer-dinwiddie
118,Donte Divincenzo,/basketball/player/69388/donte-divincenzo
119,Luka Doncic,/basketball/player/66037/luka-doncic
120,Luguentz Dort,/basketball/player/73187/luguentz-dort
121,Devon Dotson,/basketball/player/178556/devon-dotson
122,Damyean Dotson,/basketball/player/61006/damyean-dotson
123,Sekou Doumbouya,/basketball/player/68301/sekou-doumbouya
124,P.J. Dozier,/basketball/player/73016/p-j-dozier
125,Goran Dragic,/basketball/player/19294/goran-dragic
126,Andre Drummond,/basketball/player/56356/andre-drummond
127,Jared Dudley,/basketball/player/33107/jared-dudley
128,Kris Dunn,/basketball/player/11043/kris-dunn
129,Kevin Durant,/basketball/player/46474/kevin-durant
130,Carsen Edwards,/basketball/player/72815/carsen-edwards
131,Anthony Edwards,/basketball/player/191632/anthony-edwards
132,C.J. Elleby,/basketball/player/191372/c-j-elleby
133,Wayne Ellington,/basketball/player/47719/wayne-ellington
134,Joel Embiid,/basketball/player/61697/joel-embiid
135,James Ennis,/basketball/player/56304/james-ennis
136,Drew Eubanks,/basketball/player/69411/drew-eubanks
137,Dante Exum,/basketball/player/56767/dante-exum
138,Tacko Fall,/basketball/player/178683/tacko-fall
139,Derrick Favors,/basketball/player/49538/derrick-favors
140,Cristiano Felicio,/basketball/player/56998/cristiano-felicio
141,Terrance Ferguson,/basketball/player/13930/terrance-ferguson
142,Bruno Fernando,/basketball/player/178613/bruno-fernando
143,Yogi Ferrell,/basketball/player/61152/yogi-ferrell
144,Dorian Finney-Smith,/basketball/player/62568/dorian-finney-smith
145,Malachi Flynn,/basketball/player/190888/malachi-flynn
146,Bryn Forbes,/basketball/player/11340/bryn-forbes
147,Trent Forrest,/basketball/player/72819/trent-forrest
148,Evan Fournier,/basketball/player/47271/evan-fournier
149,De'aaron Fox,/basketball/player/69731/de-aaron-fox
150,Tim Frazier,/basketball/player/40951/tim-frazier
151,Markelle Fultz,/basketball/player/69732/markelle-fultz
152,Wenyen Gabriel,/basketball/player/69733/wenyen-gabriel
153,Daniel Gafford,/basketball/player/76316/daniel-gafford
154,Danilo Gallinari,/basketball/player/21994/danilo-gallinari
155,Langston Galloway,/basketball/player/62581/langston-galloway
156,Darius Garland,/basketball/player/174029/darius-garland
157,Marc Gasol,/basketball/player/18298/marc-gasol
158,Rudy Gay,/basketball/player/34108/rudy-gay
159,Paul George,/basketball/player/51419/paul-george
160,Taj Gibson,/basketball/player/47713/taj-gibson
161,Harry Giles,/basketball/player/63544/harry-giles
162,Shai Gilgeous-Alexander,/basketball/player/71073/shai-gilgeous-alexander
163,Anthony Gill,/basketball/player/14775/anthony-gill
164,Rudy Gobert,/basketball/player/51313/rudy-gobert
165,Brandon Goodwin,/basketball/player/72816/brandon-goodwin
166,Eric Gordon,/basketball/player/47555/eric-gordon
167,Aaron Gordon,/basketball/player/12520/aaron-gordon
168,Devonte Graham,/basketball/player/11323/devonte-graham
169,Jerami Grant,/basketball/player/61048/jerami-grant
170,Javonte Green,/basketball/player/70766/javonte-green
171,Jeff Green,/basketball/player/34146/jeff-green
172,Josh Green,/basketball/player/174018/josh-green
173,Jamychal Green,/basketball/player/56406/jamychal-green
174,Draymond Green,/basketball/player/49571/draymond-green
175,Danny Green,/basketball/player/33203/danny-green
176,Blake Griffin,/basketball/player/47717/blake-griffin
177,Kyle Guy,/basketball/player/72776/kyle-guy
178,Rui Hachimura,/basketball/player/63582/rui-hachimura
179,Ashton Hagans,/basketball/player/178402/ashton-hagans
180,Tyrese Haliburton,/basketball/player/178701/tyrese-haliburton
181,Josh Hall,/basketball/player/212434/josh-hall
182,R.J. Hampton,/basketball/player/175036/r-j-hampton
183,Tim Hardaway Jr.,/basketball/player/39096/tim-hardaway-jr
184,James Harden,/basketball/player/47724/james-harden
185,Maurice Harkless,/basketball/player/20444/maurice-harkless
186,Jared Harper,/basketball/player/76292/jared-harper
187,Montrezl Harrell,/basketball/player/60903/montrezl-harrell
188,Joe Harris,/basketball/player/56428/joe-harris
189,Gary Harris,/basketball/player/56626/gary-harris
190,Tobias Harris,/basketball/player/39088/tobias-harris
191,Jalen Harris,/basketball/player/190917/jalen-harris
192,Shaquille Harrison,/basketball/player/16826/shaquille-harrison
193,Josh Hart,/basketball/player/11524/josh-hart
194,Isaiah Hartenstein,/basketball/player/63303/isaiah-hartenstein
195,Udonis Haslem,/basketball/player/14636/udonis-haslem
196,Killian Hayes,/basketball/player/72243/killian-hayes
197,Jaxson Hayes,/basketball/player/181452/jaxson-hayes
198,Gordon Hayward,/basketball/player/49156/gordon-hayward
199,Juan Hernangomez,/basketball/player/61653/juan-hernangomez
200,Willy Hernangomez,/basketball/player/12194/willy-hernangomez
201,Tyler Herro,/basketball/player/174026/tyler-herro
202,Buddy Hield,/basketball/player/61278/buddy-hield
203,Solomon Hill,/basketball/player/39075/solomon-hill
204,George Hill,/basketball/player/35757/george-hill
205,Nate Hinton,/basketball/player/178450/nate-hinton
206,Justin Holiday,/basketball/player/49234/justin-holiday
207,Aaron Holiday,/basketball/player/72913/aaron-holiday
208,Jrue Holiday,/basketball/player/47725/jrue-holiday
209,Richaun Holmes,/basketball/player/66151/richaun-holmes
210,Rodney Hood,/basketball/player/62659/rodney-hood
211,Al Horford,/basketball/player/36459/al-horford
212,Talen Horton-Tucker,/basketball/player/178702/talen-horton-tucker
213,Danuel House,/basketball/player/66153/danuel-house
214,Markus Howard,/basketball/player/70113/markus-howard
215,Dwight Howard,/basketball/player/20012/dwight-howard
216,Kevin Huerter,/basketball/player/72794/kevin-huerter
217,Elijah Hughes,/basketball/player/178634/elijah-hughes
218,De'andre Hunter,/basketball/player/178650/de-andre-hunter
219,Chandler Hutchison,/basketball/player/65184/chandler-hutchison
220,Serge Ibaka,/basketball/player/46696/serge-ibaka
221,Andre Iguodala,/basketball/player/20013/andre-iguodala
222,Joe Ingles,/basketball/player/47393/joe-ingles
223,Brandon Ingram,/basketball/player/65898/brandon-ingram
224,Kyrie Irving,/basketball/player/39066/kyrie-irving
225,Jonathan Isaac,/basketball/player/69734/jonathan-isaac
226,Wesley Iwundu,/basketball/player/61727/wesley-iwundu
227,Josh Jackson,/basketball/player/63540/josh-jackson
228,Frank Jackson,/basketball/player/69728/frank-jackson
229,Reggie Jackson,/basketball/player/55319/reggie-jackson
230,Jaren Jackson,/basketball/player/70119/jaren-jackson
231,Justin Jackson,/basketball/player/14339/justin-jackson
232,Lebron James,/basketball/player/17825/lebron-james
233,Justin James,/basketball/player/181358/justin-james
234,Daquan Jeffries,/basketball/player/181686/daquan-jeffries
235,Isaiah Joe,/basketball/player/191603/isaiah-joe
236,Tyler Johnson,/basketball/player/65111/tyler-johnson
237,James Johnson,/basketball/player/47714/james-johnson
238,Cameron Johnson,/basketball/player/69465/cameron-johnson
239,Keldon Johnson,/basketball/player/174027/keldon-johnson
240,Stanley Johnson,/basketball/player/56729/stanley-johnson
241,Nikola Jokic,/basketball/player/61667/nikola-jokic
242,Mason Jones,/basketball/player/191602/mason-jones
243,Tyus Jones,/basketball/player/56730/tyus-jones
244,Damian Jones,/basketball/player/66158/damian-jones
245,Derrick Jones,/basketball/player/72011/derrick-jones
246,Tre Jones,/basketball/player/174025/tre-jones
247,Deandre Jordan,/basketball/player/47556/deandre-jordan
248,Cory Joseph,/basketball/player/36512/cory-joseph
249,Mfiondu Kabengele,/basketball/player/76337/mfiondu-kabengele
250,Frank Kaminsky,/basketball/player/56291/frank-kaminsky
251,Enes Kanter,/basketball/player/47679/enes-kanter
252,Luke Kennard,/basketball/player/65900/luke-kennard
253,Maximilian Kleber,/basketball/player/48672/maximilian-kleber
254,Nathan Knight,/basketball/player/189876/nathan-knight
255,Kevin Knox,/basketball/player/70116/kevin-knox
256,John Konchar,/basketball/player/181675/john-konchar
257,Furkan Korkmaz,/basketball/player/63267/furkan-korkmaz
258,Luke Kornet,/basketball/player/66163/luke-kornet
259,Rodions Kurucs,/basketball/player/62910/rodions-kurucs
260,Kyle Kuzma,/basketball/player/12103/kyle-kuzma
261,Jeremy Lamb,/basketball/player/38654/jeremy-lamb
262,Romeo Langford,/basketball/player/74042/romeo-langford
263,Zach Lavine,/basketball/player/61498/zach-lavine
264,Jake Layman,/basketball/player/16449/jake-layman
265,Jalen Lecque,/basketball/player/181708/jalen-lecque
266,Saben Lee,/basketball/player/191646/saben-lee
267,Damion Lee,/basketball/player/66165/damion-lee
268,Alex Len,/basketball/player/61699/alex-len
269,Kawhi Leonard,/basketball/player/49338/kawhi-leonard
270,Meyers Leonard,/basketball/player/38991/meyers-leonard
271,Kira Lewis,/basketball/player/179491/kira-lewis
272,Damian Lillard,/basketball/player/60260/damian-lillard
273,Nassir Little,/basketball/player/178678/nassir-little
274,Kevon Looney,/basketball/player/65231/kevon-looney
275,Brook Lopez,/basketball/player/47562/brook-lopez
276,Robin Lopez,/basketball/player/47565/robin-lopez
277,Kevin Love,/basketball/player/47561/kevin-love
278,Kyle Lowry,/basketball/player/34300/kyle-lowry
279,Timothe Luwawu-Cabarrot,/basketball/player/61704/timothe-luwawu-cabarrot
280,Trey Lyles,/basketball/player/14366/trey-lyles
281,Will Magnay,/basketball/player/173597/will-magnay
282,Thon Maker,/basketball/player/65904/thon-maker
283,Theo Maledon,/basketball/player/68979/theo-maledon
284,Karim Mane,/basketball/player/179475/karim-mane
285,Terance Mann,/basketball/player/72823/terance-mann
286,Nico Mannion,/basketball/player/74913/nico-mannion
287,Boban Marjanovic,/basketball/player/43765/boban-marjanovic
288,Lauri Markkanen,/basketball/player/63894/lauri-markkanen
289,Naji Marshall,/basketball/player/76205/naji-marshall
290,Cody Martin,/basketball/player/66170/cody-martin
291,Caleb Martin,/basketball/player/22764/caleb-martin
292,Kenyon Martin,/basketball/player/212214/kenyon-martin
293,Kelan Martin,/basketball/player/65230/kelan-martin
294,Frank Mason,/basketball/player/62678/frank-mason
295,Garrison Mathews,/basketball/player/76232/garrison-mathews
296,Dakota Mathias,/basketball/player/65268/dakota-mathias
297,Wesley Matthews,/basketball/player/34174/wesley-matthews
298,Tyrese Maxey,/basketball/player/183284/tyrese-maxey
299,Skylar Mays,/basketball/player/178527/skylar-mays
300,Patrick Mccaw,/basketball/player/72010/patrick-mccaw
301,C.J. Mccollum,/basketball/player/49264/c-j-mccollum
302,T.J. Mcconnell,/basketball/player/11816/t-j-mcconnell
303,Jalen Mcdaniels,/basketball/player/76137/jalen-mcdaniels
304,Jaden Mcdaniels,/basketball/player/191394/jaden-mcdaniels
305,Doug Mcdermott,/basketball/player/56415/doug-mcdermott
306,Sean Mcdermott,/basketball/player/72765/sean-mcdermott
307,Javale Mcgee,/basketball/player/47571/javale-mcgee
308,Rodney Mcgruder,/basketball/player/49086/rodney-mcgruder
309,Alfonzo Mckinnie,/basketball/player/72061/alfonzo-mckinnie
310,Jordan Mclaughlin,/basketball/player/66174/jordan-mclaughlin
311,Ben Mclemore,/basketball/player/61182/ben-mclemore
312,Nicolo Melli,/basketball/player/46680/nicolo-melli
313,De'anthony Melton,/basketball/player/72672/de-anthony-melton
314,Sam Merrill,/basketball/player/178765/sam-merrill
315,Chimezie Metu,/basketball/player/69364/chimezie-metu
316,Khris Middleton,/basketball/player/49511/khris-middleton
317,Darius Miller,/basketball/player/49211/darius-miller
318,Patty Mills,/basketball/player/47394/patty-mills
319,Paul Millsap,/basketball/player/37536/paul-millsap
320,Shake Milton,/basketball/player/72933/shake-milton
321,Donovan Mitchell,/basketball/player/72931/donovan-mitchell
322,Adam Mokoka,/basketball/player/62724/adam-mokoka
323,Malik Monk,/basketball/player/72873/malik-monk
324,E'twaun Moore,/basketball/player/49436/e-twaun-moore
325,Ja Morant,/basketball/player/76258/ja-morant
326,Juwan Morgan,/basketball/player/69325/juwan-morgan
327,Monte Morris,/basketball/player/46130/monte-morris
328,Marcus Morris,/basketball/player/49281/marcus-morris
329,Markieff Morris,/basketball/player/49280/markieff-morris
330,Mychal Mulder,/basketball/player/69354/mychal-mulder
331,Jamal Murray,/basketball/player/14060/jamal-murray
332,Dejounte Murray,/basketball/player/72014/dejounte-murray
333,Mike Muscala,/basketball/player/38673/mike-muscala
334,Sviatoslav Mykhailiuk,/basketball/player/57272/sviatoslav-mykhailiuk
335,Abdel Nader,/basketball/player/65210/abdel-nader
336,Larry Nance,/basketball/player/11309/larry-nance
337,Aaron Nesmith,/basketball/player/191645/aaron-nesmith
338,Raul Neto,/basketball/player/51248/raul-neto
339,Georges Niang,/basketball/player/61174/georges-niang
340,Zeke Nnaji,/basketball/player/191344/zeke-nnaji
341,Nerlens Noel,/basketball/player/5730/nerlens-noel
342,Jaylen Nowell,/basketball/player/178759/jaylen-nowell
343,Frank Ntilikina,/basketball/player/62783/frank-ntilikina
344,Kendrick Nunn,/basketball/player/56731/kendrick-nunn
345,Jusuf Nurkic,/basketball/player/57979/jusuf-nurkic
346,David Nwaba,/basketball/player/62455/david-nwaba
347,Jordan Nwora,/basketball/player/178599/jordan-nwora
348,Royce O'neale,/basketball/player/62669/royce-o-neale
349,Semi Ojeleye,/basketball/player/66184/semi-ojeleye
350,Jahlil Okafor,/basketball/player/56732/jahlil-okafor
351,Chuma Okeke,/basketball/player/76286/chuma-okeke
352,Josh Okogie,/basketball/player/74040/josh-okogie
353,Onyeka Okongwu,/basketball/player/191333/onyeka-okongwu
354,Isaac Okoro,/basketball/player/175030/isaac-okoro
355,Kz Okpala,/basketball/player/181304/kz-okpala
356,Victor Oladipo,/basketball/player/56372/victor-oladipo
357,Kelly Olynyk,/basketball/player/49534/kelly-olynyk
358,Miye Oni,/basketball/player/178523/miye-oni
359,Cedi Osman,/basketball/player/17265/cedi-osman
360,Daniel Oturu,/basketball/player/178593/daniel-oturu
361,Kelly Oubre,/basketball/player/46427/kelly-oubre
362,Jabari Parker,/basketball/player/56733/jabari-parker
363,Eric Paschall,/basketball/player/72799/eric-paschall
364,Andzejs Pasecniks,/basketball/player/54924/andzejs-pasecniks
365,Patrick Patterson,/basketball/player/49213/patrick-patterson
366,Chris Paul,/basketball/player/24288/chris-paul
367,Cameron Payne,/basketball/player/66186/cameron-payne
368,Elfrid Payton,/basketball/player/17142/elfrid-payton
369,Norvel Pelle,/basketball/player/16848/norvel-pelle
370,Reggie Perry,/basketball/player/178669/reggie-perry
371,Theo Pinson,/basketball/player/16236/theo-pinson
372,Mason Plumlee,/basketball/player/49594/mason-plumlee
373,Jakob Poeltl,/basketball/player/43207/jakob-poeltl
374,Vincent Poirier,/basketball/player/17233/vincent-poirier
375,Aleksej Pokusevski,/basketball/player/175104/aleksej-pokusevski
376,Jordan Poole,/basketball/player/76056/jordan-poole
377,Otto Porter,/basketball/player/62104/otto-porter
378,Kevin Porter,/basketball/player/181303/kevin-porter
379,Michael Porter,/basketball/player/73182/michael-porter
380,Jontay Porter,/basketball/player/76343/jontay-porter
381,Bobby Portis,/basketball/player/61844/bobby-portis
382,Kristaps Porzingis,/basketball/player/59952/kristaps-porzingis
383,Dwight Powell,/basketball/player/14161/dwight-powell
384,Norman Powell,/basketball/player/61322/norman-powell
385,Taurean Prince,/basketball/player/62674/taurean-prince
386,Payton Pritchard,/basketball/player/69736/payton-pritchard
387,Immanuel Quickley,/basketball/player/70111/immanuel-quickley
388,Jahmi'us Ramsey,/basketball/player/189237/jahmi-us-ramsey
389,Julius Randle,/basketball/player/61845/julius-randle
390,Chasson Randle,/basketball/player/62677/chasson-randle
391,Cameron Reddish,/basketball/player/74038/cameron-reddish
392,J.J. Redick,/basketball/player/33133/j-j-redick
393,Paul Reed,/basketball/player/189379/paul-reed
394,Naz Reid,/basketball/player/178526/naz-reid
395,Nick Richards,/basketball/player/73189/nick-richards
396,Josh Richardson,/basketball/player/62488/josh-richardson
397,Austin Rivers,/basketball/player/40990/austin-rivers
398,Andre Roberson,/basketball/player/56202/andre-roberson
399,Duncan Robinson,/basketball/player/69174/duncan-robinson
400,Mitchell Robinson,/basketball/player/176795/mitchell-robinson
401,Glenn Robinson,/basketball/player/60925/glenn-robinson
402,Jerome Robinson,/basketball/player/177294/jerome-robinson
403,Isaiah Roby,/basketball/player/181673/isaiah-roby
404,Rajon Rondo,/basketball/player/36478/rajon-rondo
405,Derrick Rose,/basketball/player/47551/derrick-rose
406,Terrence Ross,/basketball/player/38963/terrence-ross
407,Terry Rozier,/basketball/player/62641/terry-rozier
408,Ricky Rubio,/basketball/player/22386/ricky-rubio
409,D'angelo Russell,/basketball/player/65246/d-angelo-russell
410,Domantas Sabonis,/basketball/player/57197/domantas-sabonis
411,Luka Samanic,/basketball/player/70813/luka-samanic
412,Jakarr Sampson,/basketball/player/65113/jakarr-sampson
413,Dario Saric,/basketball/player/50335/dario-saric
414,Tomas Satoransky,/basketball/player/47407/tomas-satoransky
415,Dennis Schroder,/basketball/player/37985/dennis-schroder
416,Mike Scott,/basketball/player/56424/mike-scott
417,Collin Sexton,/basketball/player/70112/collin-sexton
418,Landry Shamet,/basketball/player/72957/landry-shamet
419,Iman Shumpert,/basketball/player/49540/iman-shumpert
420,Pascal Siakam,/basketball/player/11354/pascal-siakam
421,Chris Silva,/basketball/player/73015/chris-silva
422,Ben Simmons,/basketball/player/56765/ben-simmons
423,Anfernee Simons,/basketball/player/177318/anfernee-simons
424,Deividas Sirvydis,/basketball/player/70874/deividas-sirvydis
425,Marcus Smart,/basketball/player/60997/marcus-smart
426,Dennis Smith,/basketball/player/75639/dennis-smith
427,Jalen Smith,/basketball/player/178615/jalen-smith
428,Ishmael Smith,/basketball/player/49298/ishmael-smith
429,Tony Snell,/basketball/player/56313/tony-snell
430,Raymond Spalding,/basketball/player/72930/raymond-spalding
431,Omari Spellman,/basketball/player/76032/omari-spellman
432,Cassius Stanley,/basketball/player/189119/cassius-stanley
433,Lamar Stevens,/basketball/player/189693/lamar-stevens
434,Isaiah Stewart,/basketball/player/175040/isaiah-stewart
435,Max Strus,/basketball/player/181677/max-strus
436,Edmond Sumner,/basketball/player/69517/edmond-sumner
437,Jae'sean Tate,/basketball/player/65245/jae-sean-tate
438,Jayson Tatum,/basketball/player/63541/jayson-tatum
439,Jeff Teague,/basketball/player/47711/jeff-teague
440,Garrett Temple,/basketball/player/36496/garrett-temple
441,Tyrell Terry,/basketball/player/191350/tyrell-terry
442,Daniel Theis,/basketball/player/48585/daniel-theis
443,Brodric Thomas,/basketball/player/212215/brodric-thomas
444,Matt Thomas,/basketball/player/13782/matt-thomas
445,Tristan Thompson,/basketball/player/36507/tristan-thompson
446,Sindarius Thornwell,/basketball/player/66207/sindarius-thornwell
447,Matisse Thybulle,/basketball/player/178760/matisse-thybulle
448,Killian Tillie,/basketball/player/62707/killian-tillie
449,Xavier Tillman,/basketball/player/76213/xavier-tillman
450,Obi Toppin,/basketball/player/188839/obi-toppin
451,Juan Toscano,/basketball/player/71057/juan-toscano
452,Karl-Anthony Towns,/basketball/player/56934/karl-anthony-towns
453,Gary Trent,/basketball/player/70117/gary-trent
454,P.J. Tucker,/basketball/player/33810/p-j-tucker
455,Myles Turner,/basketball/player/16257/myles-turner
456,Jonas Valanciunas,/basketball/player/50162/jonas-valanciunas
457,Denzel Valentine,/basketball/player/60924/denzel-valentine
458,Fred Van Vleet,/basketball/player/61087/fred-van-vleet
459,Jarred Vanderbilt,/basketball/player/73183/jarred-vanderbilt
460,Devin Vassell,/basketball/player/178513/devin-vassell
461,Gabe Vincent,/basketball/player/177360/gabe-vincent
462,Noah Vonleh,/basketball/player/61846/noah-vonleh
463,Nikola Vucevic,/basketball/player/42295/nikola-vucevic
464,Dean Wade,/basketball/player/72669/dean-wade
465,Moritz Wagner,/basketball/player/63326/moritz-wagner
466,Kemba Walker,/basketball/player/38641/kemba-walker
467,Lonnie Walker,/basketball/player/76160/lonnie-walker
468,John Wall,/basketball/player/49215/john-wall
469,Brad Wanamaker,/basketball/player/49472/brad-wanamaker
470,T.J. Warren,/basketball/player/61237/t-j-warren
471,P.J. Washington,/basketball/player/74043/p-j-washington
472,Yuta Watanabe,/basketball/player/71075/yuta-watanabe
473,Tremont Waters,/basketball/player/178528/tremont-waters
474,Paul Watson,/basketball/player/69339/paul-watson
475,Quinndary Weatherspoon,/basketball/player/178668/quinndary-weatherspoon
476,Russell Westbrook,/basketball/player/47568/russell-westbrook
477,Coby White,/basketball/player/178681/coby-white
478,Derrick White,/basketball/player/75638/derrick-white
479,Hassan Whiteside,/basketball/player/51438/hassan-whiteside
480,Greg Whittington,/basketball/player/56451/greg-whittington
481,Andrew Wiggins,/basketball/player/56628/andrew-wiggins
482,Grant Williams,/basketball/player/76105/grant-williams
483,Robert Williams,/basketball/player/76324/robert-williams
484,Patrick Williams,/basketball/player/189109/patrick-williams
485,Louis Williams,/basketball/player/24293/louis-williams
486,Kenrich Williams,/basketball/player/76319/kenrich-williams
487,Zion Williamson,/basketball/player/177993/zion-williamson
488,D.J. Wilson,/basketball/player/72966/d-j-wilson
489,Dylan Windler,/basketball/player/178483/dylan-windler
490,Justise Winslow,/basketball/player/56735/justise-winslow
491,Cassius Winston,/basketball/player/72995/cassius-winston
492,James Wiseman,/basketball/player/183286/james-wiseman
493,Christian Wood,/basketball/player/66217/christian-wood
494,Robert Woodard,/basketball/player/178665/robert-woodard
495,Delon Wright,/basketball/player/43209/delon-wright
496,Trae Young,/basketball/player/76172/trae-young
497,Thaddeus Young,/basketball/player/46471/thaddeus-young
498,Cody Zeller,/basketball/player/56369/cody-zeller
499,Ivica Zubac,/basketball/player/63159/ivica-zubac
